acc_x,acc_y,acc_z,gyro_x,gyro_y,gyro_z
0.0841356799358684,1.087143094144872,10.042752365613513,0.7567685210427805,-8.685827970386619,-3.8431838385267647
-0.012768632255463689,-3.197000849272455,8.760359571233383,-3.6467953961646433,4.000242116564064,0.7942459814014271
0.10344473598167483,0.18655614615102475,9.900599404721682,4.5190504270239895,-3.801283696150541,-6.527363020664071
0.20765063358603184,-0.267482783311284,8.970853668821425,1.2953160507136514,-3.3240399745097267,-0.28441340133420195
-0.09208635251169191,-0.9160424504914025,10.09912933412548,3.430442242146322,3.1880644767475768,0.08977614279801295
0.6419400497676298,-1.5715738202191638,10.330429743942618,3.820691631120987,2.186682847821886,2.721782790671235
0.32671813011096856,0.3153338623142977,9.603317130845225,1.4106549207207055,4.6999140231013286,12.618255718168783
0.5314227140231411,-2.117799826393637,9.864096132735035,2.19663016945215,0.13840076603459414,1.7144203373875784
0.13428990902360244,-0.7331482572696678,10.612272746322647,-0.45021126755608404,-0.28487587843626894,-3.3030377274239298
-0.05520391668073621,0.43696593600391515,9.27714638520604,-5.8954251929603,0.47815758103991,2.7677098236249287
0.9995609590216711,-1.8382536452890648,9.40049366083941,0.1595709386019339,4.110909700733857,8.739411744044716
0.24337158429473646,-0.7145849384988938,9.289438054971585,0.7283405550902119,-13.76803506484141,-1.2848824738185016
-0.16334923226687675,-3.275325228368184,9.750308201870723,-0.5805810741277921,-6.66813248928327,1.8751266197592513
-0.11472529610674659,-0.6002823507900584,10.760844885273544,1.1792902880098441,3.737124812983992,-1.3681433100058358
0.23714424470927586,-0.7938798741426671,10.308808130457182,-0.8625268482426178,-2.0847396088976717,-1.681490145049165
0.05929939908399571,-0.3349935660302066,9.856535719152305,-0.26080578279054445,10.747149588606435,1.1919618382828694
0.03244607820815955,-1.1936680484746867,9.549426732950444,-0.6927145331291217,4.512681413615654,-0.4420307301487358
-0.22247782382246012,-0.06756062685089585,10.037846506938674,-2.1014652383335375,3.7926632435753396,-3.5106335837277496
-0.411894625390997,-1.6388171595791539,9.229125101107936,-0.7142220236347667,-6.075915916057555,-8.945605351017749
-0.024669372918950532,1.1860571666099264,8.942929963056937,3.0728235363952385,3.3479418760563218,7.810428787906907
-0.7156216731927498,-1.195274439133494,9.399149288590058,1.89116345264522,0.058582135540031575,-4.869630615223787
-0.21220188613814353,1.02554126032651,9.687366069194907,-1.7323588184366674,-10.486188002664932,3.6686596984168265
1.0366724296818852,-0.6370954855112716,9.659409408747647,4.0847372360616125,-4.533304863203741,0.03559386342280343
0.09289415211489373,0.377892249479398,9.251279263384571,0.8591527522432406,-12.171746983981704,7.001142876454106
0.11840268379484262,-0.5565133031285655,9.389695949353662,3.348516938718719,-0.9287538175375156,0.8512847591745236
-0.37705059891072096,-0.5939108637057766,9.749303977315932,0.6684728457421051,-0.7367965763206434,2.0738210204490763
-0.24621017535810522,-0.5626549014850847,9.986855167422453,-3.370589049047078,0.2903275753251375,1.7927944544128684
0.15241155355077987,0.6524284379042034,9.960862602907389,-0.8718279599662687,1.2778355967580024,2.925015763152994
-0.43051688317229153,-0.19713070958765516,9.532108088371167,3.2907683566319172,-0.9477578283122122,-1.0130275615247943
-0.2621906042713656,-0.07936689421118408,8.917852371131824,0.6526043954212898,2.3129175999976384,7.850633002546276
0.17206996595076782,0.4196204344123933,10.272285531423803,0.8716007881463873,-9.914163398279813,2.260930653976198
-0.1577255995406784,-0.09290526838894296,10.39914412244442,1.0005963225030163,-9.402125523875661,7.781167498806516
0.03182834621735981,-1.0238484087043809,9.377300149892202,-0.36581204865829137,-3.950388347782065,-1.4375775585489603
-0.08636685546027766,-0.20474020605855653,10.013830427260089,-3.304407450769633,-6.73132162170977,7.3727040242088275
-0.061257988021067356,0.07085155344651063,9.446122268779108,-0.4605455696830683,2.386790521884344,-4.985898259307992
-0.6139868266851978,-0.1387135196059376,9.330823920436506,-0.17757251943607705,0.1104186690652835,9.145625920568373
-0.418909227744256,-0.27228632736840547,9.59214417426211,-2.059412998919778,-2.2121210707504666,-5.039653556145223
-0.34574901470368885,2.2716772184763396,9.878142567183216,-2.5969392671022056,-1.1547701421878775,-0.4076746490305081
-0.3252850672207497,0.09474650100492257,9.837497046062769,3.318142849345808,-4.001825136424663,1.6655586538919345
-0.07510760276113793,-2.1588798692336106,9.395155840667535,-2.0602254721947455,3.218436457682991,-5.137461938723208
-0.39916192919038584,-0.42150808757629266,9.248567778662633,1.7833651321920583,0.966323452255814,0.3231924049213925
0.6133505164941276,-0.7757307140301123,10.587360383614486,-1.169285551324805,-2.6530072251842896,-1.345689783360976
-0.10915514801357858,-0.28219257417497423,9.325428400036573,3.0394424326864575,-3.6468095785047256,6.540689596932497
0.8383070759875053,0.11808095500761484,9.218909637960374,1.9852038751121466,-2.659187201739805,4.3057524906738145
0.11378298212310702,0.15492791879842738,10.267705175856724,0.691299043468782,1.8951940290461347,-1.1872248447501526
-0.15700130033778434,-0.3192636245533947,9.646575732331788,0.3882094481010819,-6.854374473469447,0.359925059133117
-0.6124893212644961,1.222733830997677,9.845506937583009,3.0211052835211403,4.789254212036431,-1.5461952191138626
0.5045528598738386,-0.45085557337494236,8.475356378436166,-1.2901643282362734,-9.25013526112234,-8.335662272469818
0.6114904024025538,1.277323767025942,9.734784397038434,1.7303123197715984,2.233742648084655,0.14527414217047024
-1.5604738198094892,0.03713983666984575,10.014815446525702,0.11517157523346223,1.5775270604196394,-7.761963576691696
0.721082219248524,0.11113860610208186,10.412245775727952,-1.521663722668723,-0.9420028996993192,0.9727152164448473
0.08650786673631984,-1.1783707500160931,9.677349497931196,-0.20894423813397145,8.22420088855715,1.8788894214820864
0.23738087247870754,0.62750056746625,9.811668900387712,-0.24845719511293476,-6.490884113794535,-4.383498117014698
0.3641985793296632,-1.2683318223886064,9.946530697861494,4.06667069403726,-4.135266225589708,-7.622284425199567
0.9312571197851268,1.460568551528368,9.249997391415741,-2.147522663294557,-4.760467641898155,6.01089097954889
0.68580576706169,-0.6544571103867676,8.611024024157512,-0.5886609070964229,-1.6898346642744682,-1.1509705275809143
-0.12823965377205063,-0.6973495741132651,9.668236148878096,-2.317925694434221,6.455673816539203,-2.8539944888127042
-0.1604952340142107,1.378859146090562,8.702628457571912,1.8408221077158935,-1.0121958125935244,-8.688821859949472
-0.2974305931043585,0.8999936593977199,9.913408773455528,-2.572230624055401,0.8303671559423722,-0.6411233517574068
0.3247482882083201,-0.5767194653935082,9.108039462223084,-2.518946280812273,-4.291268831383942,1.3436681328392135
0.38887068204274655,-0.1150149173055016,9.60886284534947,0.03426631498332756,-4.641997473895675,-2.0038278520849615
-0.442110308713679,0.30937452855028436,9.545636403136271,0.7171834068919376,-2.6268115911925976,0.9806746992968596
0.727883190739055,0.09193023026149656,9.896642240891575,0.7225861417060869,-3.6565099189527226,4.684802045842023
0.21623152043805577,-1.0982016937106687,9.989667385060928,-0.9762922101044613,0.6110594043913251,5.137670289069892
-0.36372393414536436,-1.8377876818633172,9.826152667371511,-3.6588100400690178,4.104453531946698,-3.090718533203851
-0.12372873218197368,-1.7630709617792917,9.589896131373665,3.25382702201443,-4.234232742750116,-3.7313456767404714
-0.15384748490621317,1.0460830235913563,10.074078053983557,1.6702564006208946,-0.6095274118190496,-0.7146364287777545
-1.2188474267358516,0.45124838194023287,8.683797277056492,-1.3672546856531844,-6.342731869984943,9.445390957032002
-0.2832433822391257,-0.5989111445720672,9.138651457877419,2.0650627203628655,0.13738716091998923,-0.5903578481923588
-0.17418420079149818,0.5843238907932657,10.580751850958075,3.204071490133541,-5.951673803999484,-11.665883928632049
-0.42675012011985525,1.2277181477812125,10.317656316731647,1.1691056888370193,5.698254131298529,11.019831919819094
0.17778749962256296,-0.9900365165351444,8.609412007307043,1.4746931519553623,-3.2287135819961863,1.9878426855666043
-0.12409411717581309,1.2603676869373177,9.87171972883198,0.38605641447705835,-1.1446802993318306,4.2824882049394315
-0.41969903770356215,-2.5428519221575896,10.169296682382814,-1.001656460474634,-3.7668958671881163,4.226944202605294
0.6273778064124845,-0.055743245708810084,9.164235154026015,-4.0251580736302515,-5.911868062539895,8.569360427159005
-0.28963968208502844,-0.9136455090459723,9.736179903705656,-1.1846441376029664,-8.65294791713853,-4.956006353461822
0.05385207864276666,0.542809511421672,9.479411715894845,3.061392298701967,-9.551491570708867,2.0389339251828202
0.2929631059021595,-0.6217253605617029,10.131771569645828,0.023972116289894027,8.718609151914446,1.8983390002912608
0.33880951535247467,-0.0689802229100831,9.441859562448593,2.1274176354838628,-6.80801208673782,1.7075896149102585
-0.3550398058646554,0.9151135179680817,9.88456984344227,-0.5685470606559141,-5.43914125773406,-1.0209614886598046
1.0913861167194026,1.2669107124420207,9.780416854439594,0.15038986415907485,-1.764189406084634,-2.9674707482257356
0.4553975941159355,-0.019848478602529328,10.332765295360174,0.8767198963869257,-5.721313437429373,2.443422555178758
0.9994181856322919,0.7857882462150021,10.073461037994024,0.10377546975694446,3.815168594856032,9.651228342276212
-0.40048687576501496,-0.21705053463741283,9.304001051392632,-3.043544275314719,-3.105986331628957,-12.618943062445126
0.3005182861752577,-1.521397671137622,9.802417702115187,0.9072952018976858,-8.755150932748636,3.7582711963982645
-0.34673443457023506,0.988930089878689,9.901635110736077,-0.37444755931359985,9.250953898851023,-2.7620507920003607
0.4581410950793742,-0.5090140653629426,9.915763007251075,-0.043054046492215454,-1.169357267206785,5.990927494112506
0.1967431773065384,0.8699222414592915,8.911546532090842,-1.5635327356820916,1.417261081637333,5.181058249342188
1.1299011761732314,-0.9485159154747103,9.027678551289997,-4.048761475182204,-2.2469348585906044,3.477864687316169
-0.2662568081297557,-0.9079680463470998,9.569904701189014,2.2571739098066548,-8.768515005745678,4.436468960310606
-0.4513554097113953,1.259589474609991,9.294667701625599,1.9760320395471602,5.6203123129365276,14.312537251569873
-0.07848512504572111,-0.4375947404635168,10.06366931114422,0.13741319907904717,2.0137613266648398,16.223353287122524
-0.30650145441275517,-0.08143752226789017,9.850618399380824,1.6133684485336284,3.5806602001134733,6.594270729854177
0.6823344474754325,-1.0404303034481137,10.137713989480696,-0.19740508697821002,2.928244872982658,9.719488870077289
-0.31412459470449655,-1.4779194692750564,9.643424516812486,-0.8806336439889636,-7.205823474502751,15.19757043233043
0.011659093939366337,-0.6662816619673227,9.386633908941699,0.2835652369443504,2.6954036306184648,16.177761454520077
-0.13374579212834767,1.3025568862510584,9.506655232813404,-1.9353735134822256,3.189808495809416,19.773914620245147
-0.09140852878901279,-1.1839537494929697,9.513842540057805,2.169917157111028,-8.54034908888362,19.017654637344858
-0.8792760088801818,1.2851464467994187,10.73134487911817,3.771835786866601,-1.868743901739248,19.74813540627335
0.27289093763941663,0.8833129237335634,9.660747290258273,0.5285373607762358,-7.931044153425573,17.04917234048775
-0.30036684342070824,0.3402737174149665,9.338019581457944,-0.6219208093279419,3.6046948876859206,25.929839088311414
0.014623850971635597,0.03872512007063513,10.379935450462733,0.5907488474944563,4.688850627356527,25.238482233232023
0.37869922314343746,0.9434810086190307,9.738759693716858,0.9234924016852436,-2.1511426593779555,25.5673015547601
-0.23606233135910312,-0.5162884291066403,8.73309980083131,3.4449652631673575,-4.400176692068319,35.55454111090673
0.5442692776586442,-0.06373804103383049,9.838818913417194,1.211771846705407,1.820705615864311,24.5089184036271
-0.3010510784555462,1.3621431903491648,9.405803834668463,-0.6412856158122759,4.590884605902465,25.75358463054312
-0.9556468981674604,0.47751592117070496,9.88918526547628,0.9424354770124592,-5.533678115593955,22.190875461371775
0.4495761966237185,-0.3360825623491623,9.972537704923257,-2.3257776765754454,8.943111046157583,25.78572846204868
0.26483265201363376,0.18137801691476235,10.587548838591061,-0.08969564446840232,-3.303065276823599,30.207224510084412
-0.2585420238809401,-0.8055110769801915,9.391898769075514,-0.6451718541311696,5.050481980144901,32.264477130574846
0.36132431065596593,0.9407561074938982,10.213240020416992,-0.40501364306948123,-5.109222455192345,29.878533720068546
0.30182125131118,-0.019969215474104237,10.100792869768814,2.399848222290336,-2.087647904334628,33.99949595424424
-0.4379004571544337,-0.823744053708398,9.551167246896624,-3.0995924813713134,-7.20748996163362,24.483121178106703
-0.0979880204927184,1.8692649285775753,10.14623533300614,4.567752409945854,0.6067935524458343,23.943200626246067
-0.16705187422719814,0.3980463804293503,9.161734121332948,0.8308810058350232,-5.08903063792202,26.908694136225755
0.9402983834726206,1.4345508478363442,10.233133734740495,-1.4066021039260541,0.6040082814514336,25.13368106038525
-0.17749363543893348,-0.05184936171699444,10.241710185438821,-4.811134291724643,4.010492512165464,26.146195428396403
-0.11764636613594663,-1.4052219103346317,10.389565711490224,2.925253996651119,-1.2986526547067758,29.14434555417906
0.07992742399486996,0.2714794626770171,9.555570270566864,2.2367799943078475,5.6961198530861035,22.41361511796396
0.6605701694852297,0.6186409695271923,9.263334377339127,-0.7460968927845368,-3.745785509973871,17.668829200764584
0.16862089320819157,0.5773325787490543,9.710885550312172,-0.054387114328701726,-3.620165877946484,25.390840848141885
-0.41746973245021557,-0.7297808269861247,10.329073509688886,0.3821389786643905,0.4966182582000234,13.630296844741956
-0.6372313281949972,0.16446737478904108,9.478822227624605,-1.4145434613739902,3.0071897210067364,18.136545473509372
-0.14121906765243655,0.9413553873126662,9.415950073853484,1.8681375354009222,3.341204958904222,23.022035634477092
0.01652591123891209,-0.6278374437825756,9.39409905280009,-1.2837798845114252,1.9306601133845283,22.996327235617404
-0.2080986911134766,-1.6923965140867394,10.229446809216341,-0.2739461557863389,-4.127188760870081,18.52843316290798
-0.502895905885776,0.8767916844746619,9.471378889584148,-0.0595701331871885,2.3333763189500676,21.927763753325912
1.3152012883847533,0.1421040339642119,9.885065144413018,1.0821534181117793,1.159089885405893,4.933008881339521
0.2619200880479338,-1.4723384852871562,9.82387504059369,-0.026965247235270474,0.6036320756433673,11.78357549531635
0.3435489837473733,-0.8044264264232482,9.134197209316333,-0.6497084564204375,4.240539991208264,6.129595702208373
-0.1439446343355258,2.041395153143094,10.022386912079963,-3.91214332408822,0.9540242023557097,4.4219767083613695
1.0195791098304632,0.6755804314671279,9.84715748988386,4.610984964609103,-1.4058383367157814,4.85808836136774
0.5085629227201484,0.4595208396590702,9.90356815832976,5.07663721122158,-4.455016021377597,1.4885000224907685
0.020643248584737362,0.49249615078165865,9.698750169393573,-1.9190907990183859,-8.97733596900617,2.2806467647406046
-0.016014958323429678,-0.8951983667626767,9.26505455426689,-0.3504931518190078,-4.064310835309641,-4.450603953811389
0.3400530045703883,0.5417666681882998,9.459873531378243,3.7470582838950444,-2.9962866083927753,-6.197517696886143
0.27071486907789993,-0.7420789847007603,9.350788991673713,-2.2789857153583144,-3.431518222812282,3.6643740569111563
0.4954651384783164,-1.5601449322448813,9.634009563199584,-0.447660419397217,4.654929618424309,-6.1803839612925255
0.8979723000252726,1.0726593787627492,9.16276724815153,-2.2341587804959366,3.6579983959856976,5.0295947521887
0.631972165159015,0.12526375513603424,9.895784459395252,-0.18395564443269014,-6.718734347126933,2.16888311932612
0.7755980982139107,-0.1687935908651098,9.54557962806495,-0.04740805752934136,0.08818698921047614,2.514107932130012
0.006206965534814185,-2.0934195335286714,10.278074277621531,-0.697316639617839,-3.3924710215218887,3.034818385239015
0.8863748711105901,0.5815089066007776,10.17564416398374,4.2400980101577,3.689391346190712,7.7473586945064445
-0.9180327107331832,0.9258212744633978,10.273416628897433,-0.4887573869101141,6.450983228228217,3.0565953260270886
0.41270822354291936,-2.167727767354582,9.284431130511445,-1.6795945500096996,-2.149568470101304,-3.0749967994345706
-0.4528768566111046,-1.2060624448266613,9.800316833941158,1.902423256482323,-4.543030696821241,1.709135134024401
-0.19810967669648374,-0.5018323194493398,9.669853816856701,0.11751183415778721,-3.295494325909517,-3.3464004517051653
-0.24135472312555736,1.5378155573294465,9.84515384285064,0.20391181997852212,7.035369607784775,0.9834072011867491
-0.07929241735612118,-0.22276426888615825,9.632754831564977,2.9421031258982717,5.526755020693863,-6.8175810230140454
-0.07997037985940512,0.3187127920698108,9.935876838463678,1.3927208673182927,-1.7406107530623005,-1.7088147376569744
-1.092662093964904,-0.22452488533562198,9.675007150492872,-0.18970313323720026,-2.16512160092255,-2.601427474465159
-0.037067191443368376,0.7133487656056072,8.46314083104341,-1.5955435376739342,2.5394286146217593,1.5715526522075973
0.3889539691723061,-1.0858008346198853,10.023287933352048,-0.6935035338738433,-3.08504352257816,-2.5154434939576924
-0.21900495876713302,-0.6872641157438335,9.973710032144648,-1.536194404445889,-3.441851690395497,1.129857516561181
0.49291156423621546,1.2494260848541996,10.49972691175429,-3.377712963855848,-2.1136437224580815,6.29511413408692
-1.0335734248109871,0.141997000828401,9.75021579749405,-4.017036177197178,2.04973786353398,-0.40837229833148214
-0.758491544958185,1.0502851750926296,9.303094233887228,-0.25748134909805637,0.5586045676535466,9.664593961028743
-0.011496735816365636,-0.06008893539224443,9.684575256603395,-1.096810582737143,5.479598709169809,-5.7113344776991495
-0.5321046139842732,-0.5912210796997218,10.266623676813895,1.0252241770446162,8.400458144510235,7.091934314736406
0.20117821966308316,-0.1267526979824997,9.7638767358824,0.13636623484286994,-5.494010487042804,8.044364606274941
0.7917819642025087,1.1182632594277941,8.828652654664781,-1.5658996953895146,-3.0095771749760774,-6.174029125872183
-0.7783606101448965,-0.06901784849442096,10.798051012721439,3.649085588450833,7.631342841466782,-0.6753090038808822
0.08340542071350132,0.3980770849997185,9.450085511781639,0.4733153305042041,-1.2384622018875575,-2.7839853494659432
0.21663367035645226,-1.2155213434853425,9.030399642895881,0.5927766444218561,-6.482837210110056,4.967677390138135
-0.19454524330710438,0.4358375441352395,10.115690629281662,-1.1244550932827664,1.4796072934929163,-7.660591700563381
-0.2651172375363546,-1.3825467779162273,8.913997930575889,2.8820185298152095,12.34286137784959,4.083858185315434
0.42845948218613517,0.4003704968791488,9.14656578134217,-1.3932403668745101,3.272834220519027,0.39833294315290874
0.2970008250158874,1.9679168283903579,10.057246167971078,2.9571840897139268,0.7061365806008323,0.096388807553444
-0.8770277810690034,-2.234982635322565,9.711182632413022,0.30952913571277196,4.709816161318639,-6.797444136848581
-0.5315654094277328,-2.2227894884936488,9.276062972328557,-1.3934355315456548,5.7507783435268305,6.1399558073052685
0.6596407016221619,0.1668903615110136,10.901289479715707,-2.025498803508958,-2.887357245297258,-4.536376392083535
0.22875735925293184,0.19441967627997556,10.01319944908303,0.5762584325968989,-2.226619030053137,-6.339235720064273
-0.1315796464043331,0.06418804748384055,10.0090947531078,2.2110208656448793,4.876523891446424,-8.181625971306083
0.12307683510515378,-1.834403808265901,10.049008953692972,-0.7893915849077975,3.6373766210940928,0.6402163188199688
0.07463818549958999,-0.11579986609321746,9.890674303805223,3.323831277536847,-2.1331453294870224,0.3379484413679651
0.816572913653219,1.2331002944805658,9.79123114524388,0.5761455165208443,-2.6064657084034604,-4.815367488058683
-0.004491068036115377,0.1878892276911272,10.313160391764427,-1.1660397484703202,2.8539770487144187,-6.247504617807161
-0.8956493682766785,-0.4744743368359006,10.96735401642182,-1.651879412970492,7.817505240622954,5.446139064475737
-0.7146245902412295,0.9310605602271695,9.07971423194383,1.315501578517755,-0.8912324740140692,1.4343148657116345
-0.018734601865253067,-1.049392574522159,9.506018565563625,-1.8175393537304143,-2.9331405609329892,0.8059569701377166
-0.002834678464151064,-0.8373766814126321,9.823587135336826,2.801624290667756,1.4366940298378172,6.5339720508397665
0.7071670477501849,0.4933445990398924,10.237043797173447,-1.0456592172262702,-7.209595612847228,4.042903755000894
0.7854720040341,1.688747855253362,10.384960089896412,-0.4269726500029457,7.193318382467188,-1.1031823754843444
-0.2962125879187348,-0.04311970000336174,9.373433557331277,-0.44846638436931174,7.778892561892324,0.559419366397502
0.07642279777201273,-0.5541119314818971,10.341130059540166,-0.3672560024199953,-1.7175781727022739,-4.627542367252418
-0.47090375935379103,0.37560741088808947,9.759263419352777,-1.1135535148086475,-0.813057176306653,-3.7134167349179736
-0.25867347960224457,-1.3454296603449345,10.415792410385565,0.3357163029114665,4.42204791107114,3.315084447658582
-0.2780904317173054,-0.23622186900126108,9.880888587752523,-2.761352201552943,-3.13392285361859,-8.169098736625685
0.26900232687032594,-0.5404297753706682,9.143126741942247,-1.6883413148174764,-7.392518518413444,4.4851823924762915
-0.2558675022166146,-0.16107759499108223,10.584569741145003,-0.02833335839826657,0.6582317519314043,-1.2236396618030365
-1.256216600510888,1.012458568584055,9.158197201828564,-0.8938911054647466,4.613182705090006,4.653202002313513
-0.2192187402731164,1.8944624482842516,9.099563036540715,-0.7863585480993028,-2.3112497962401,4.407768663401703
0.6334217698674799,-0.9144828350239707,9.417335180490353,2.018999601148626,-1.725042548232899,5.341741072497438
0.502059197158104,-1.5084386425622411,8.843075889645094,4.258679130434131,-7.287729783575826,4.653565060053268
-0.3906692394620754,-2.1618911351638026,9.426194526760804,-2.6693220445837063,-0.9342105512151732,3.4010336612685648
-0.9451763110159302,1.983465060550419,9.666556649619796,-3.390525324197204,-3.013554086313399,-10.044867837935321
-0.22041720644428198,-0.24378714996839457,9.14353354365876,1.2613184688974928,11.043121818046407,-2.918430245436504
0.27918317175207674,0.53628662752425,9.693242250436976,1.246779582816221,-3.518355908657824,-4.8528707176360655
-0.44034319789996684,0.5101677967253587,9.7686749586304,0.6392755260908245,5.527094274152401,-1.3783862930378266
0.3668651168476697,0.5899024431547448,10.50762599908907,-1.1868233136615105,1.5470651180461665,-4.416837192129414
-0.003248661513666822,0.10725819340882681,10.218800332747213,-0.6361283217174175,-1.8305655540912946,-3.689442484766341
-0.2881923414446059,1.7620272098330547,9.025193222042242,0.971484009736655,12.232871125113151,1.0787766122399574
-0.30813438643780644,-0.8717485029307493,9.952824404529037,-0.38732510103959156,1.987387224372659,2.8340936691351253
0.28846553611065207,1.7393973579195134,9.628977312767036,3.565541901237833,2.704965419002904,-1.739215049343704
-0.6324750995386255,-0.27301888289328435,9.164616123960394,1.3220428127382347,-5.08350669234496,-1.3505015099715352
0.30835539349933405,-1.1171334647203133,9.34207668271656,2.3848277853097506,6.081837400835064,-0.24085985535252513
-0.8783861996106443,-1.623427746549933,10.1507527803398,0.15757471687160213,1.4755964677675213,-1.8930194613784426
0.6920966017761838,0.026983582649106722,10.526427207167728,2.6023198890822448,3.792977423541335,1.419865823433154
-0.2586440788872928,-0.8396185826614734,9.578723692553556,2.2586331630807277,0.6373367381042025,-0.03736423615019824
0.07664825506497111,-0.8245483635589307,10.026369930577566,-0.29598449988369213,-1.1707560512798838,-0.4489266777545706
0.11904878458586618,-1.1289641824028434,9.60014981386288,0.9086612457256694,-3.5471343041418772,1.0842265740426016
0.27347035434755285,0.4170726468049165,9.792604557483916,0.709966375348134,5.077529867368051,-1.1065124297343552
-0.41615968520779223,-0.897881579009567,9.573152162851377,2.919544879439969,-4.917416363230788,2.8511775181496475
0.8500811374283793,-0.9806824780842521,9.673434726603272,3.5905532937444193,-4.081850568238155,4.940226880479005
1.4397404863562366,0.8271673433498712,10.485406592663175,-1.0017149392347817,1.0318552089020052,0.35924361939824856
-0.6320031650887109,-1.0619479957246156,9.987759025904802,-0.8119716925606568,-2.634108671967181,3.691102463203164
-0.33770785491286,-0.19594401701052697,9.65082978342911,1.2091419444420415,0.5128549213858995,-3.267528945287884
0.3714053915027218,-1.55230002433918,10.408209716961728,2.0877922459618983,-0.7557007568769813,2.479478318926462
-0.7129682862521942,-1.3128295295306807,10.531885138945396,1.5010887567144466,2.9600415690188076,-5.328161952692762
-0.35385760206205735,0.015590934405895863,9.994888852542077,0.11472334721385474,3.7933511570443725,-2.883509801748633
-1.0462949244653992,0.002592299173935679,10.352128112474206,-0.24384638978141976,-0.8926471812261587,-0.39383862833723055
-0.251181289803398,0.32959747939590817,10.388188235474436,1.8500172890594386,-2.882911914227993,-3.06016458408153
-0.31485987013820077,0.09219585363243409,9.589877149991905,0.8263634952542919,0.7991402517428202,1.6598815394262532
0.08674510438458802,-1.4211587783179793,8.67410539755414,-1.1888518948763136,1.4998589877228876,3.7835173010602534
-0.6466883907062234,-0.07162322721319556,9.728911478822262,0.5016361904468382,2.020336341174646,-4.388836894080207
-0.17693823160607025,-1.5887300318749544,9.76443830573986,1.487618013982341,6.432570140886483,2.2646044654305575
0.03265287644487859,-1.388531257760622,9.671196271861799,-0.5718298999040312,-0.565611501607871,5.3235197095618165
0.8784321273716804,-0.2615727665316344,9.117992769997139,-2.390894457694175,5.634165802076908,0.4547745597488176
0.2841917738145643,1.2738882116216736,10.288579708004974,-0.5896739130029429,4.1477615656468005,4.442695139901932
-0.23799028699472438,1.701132561705978,8.418954068667086,4.373527066740637,-1.895499512686571,-6.265373631130546
0.12978200849590268,0.02773344696788942,9.776190420996164,-2.8181228359645805,1.1830183728977763,-2.215139141531854
0.4475158980946293,0.4879091783322622,10.277752474570178,-2.282451220300187,-7.944486062754054,-3.649597015927897
-0.28784721809972447,-1.6724967018045713,10.556313429335466,0.16350235375021374,2.3966621073404197,-12.875567055150425
-0.5286459258594084,1.6025410174619128,9.544033906316164,-2.520457049483713,-4.188060569860932,6.3430902933587685
-0.020143980166538705,0.8361507162189293,9.821805961288865,2.6673309774674023,-3.163336550754516,-3.451196956836008
0.4243632204552182,0.9304153632633899,10.31799298700465,-1.4984461027195326,-5.41658241746484,-13.84977332177222
0.9260118635209851,0.3876259122012267,9.386734990374485,-0.5707286895192528,-1.4271472417326472,-1.9653496089456899
0.06535216316918854,0.34185737240163444,9.686031659805517,-1.0362386977815043,0.646325686758705,-3.180301622710218
-0.17171354444118406,-0.21267714099505944,10.04275307934851,0.8985003610504285,0.9034585734000102,2.686367949308794
-0.5331540346407575,1.6380399419064808,9.304445896643475,-0.1156129321832441,0.24030500429234314,-3.7643180906496005
0.47793617065270044,-0.38078699503359614,9.604727530041481,2.8682461188198674,-14.59752396355643,-11.342912345850971
0.7165785452454146,0.5222295351012887,8.934144928100642,1.3635195209647089,-1.0422768464556413,-9.489208883452442
0.02056435078063648,0.15846048770278992,10.310286957957157,2.21391880785987,1.0359168379253654,5.354871368869324
-0.7383099389890926,-1.2603582616424525,9.503962768397855,-2.8169145328212544,-0.1081005629966088,-11.142523222575132
-0.11213357745223579,0.9950315697877347,9.419421621732733,-0.08174489550924587,-5.886581797581463,5.224141627353573
0.06059012083076929,0.6359263016438483,9.831398408578938,0.07669821100438008,-6.609374030846134,-5.187074370377239
-0.03343995154321646,-1.0360112359814182,9.84850545314604,0.5966673699259164,-1.472016908160634,3.4348628311466274
0.06673758059745276,-0.6508043897150314,9.530619894255127,-0.7390701470665642,-1.3534208848342648,3.7706229287605635
-0.5529084974038072,1.0040896443613962,9.620363992372722,-1.5712080443211887,-2.133660226758421,-5.539230211156372
-1.0046443887656122,0.2001525843446783,9.525833629897756,-1.4974419967095227,4.532868901874823,-0.5632920151325602
-0.7197118640199599,0.5924812871122894,9.649188811510127,-3.618489799796625,-0.7094733582471378,7.364023737340632
-0.11542307804579914,2.7676968618712507,9.899963741515183,-1.890185349855676,-6.007351475772875,0.7482001127949365
-0.17384072118766905,-0.26082034729408876,9.54567001933556,-0.8853992870739738,2.884519604682069,4.2582588153897465
0.5072883823145375,-0.39506886606956215,9.630387454182905,-4.3542045806959075,4.433613699549824,0.1772733728381988
0.6358915727333524,0.9310217778887594,10.259091037604103,-0.4224186532492696,0.704806300066983,-7.644210372056531
0.6954863095428634,-0.34828607374175574,9.626622875591915,-1.4103577641829292,-15.166821897468768,8.99439651555417
-0.7034598294391358,0.1250779386074642,9.218532420509856,3.7214009551592735,7.549030534439232,-12.287258308243217
-0.5655960791348561,0.6485746082845587,9.365138870438345,-2.8492736381808785,-0.5328545355688827,-2.2448832552329363
-0.40296704977870895,-0.13814935497070244,9.092152193691176,3.2628032312866826,-3.819645802228877,-1.941764063126505
0.9179737982410031,0.5795010692746393,9.936418946141723,-1.6223625732521796,-3.3597568381437077,-1.9366585100733034
-0.3338936929224015,-1.4028068162806189,9.627902471877812,0.612719045459743,3.5869163026669595,-0.009116161266047113
0.7606053266455357,0.276722725401133,10.15834736928965,-0.48458510775803404,2.652783670405601,-8.69456182925724
0.4702719719998315,-0.7626292360276782,10.351848447065635,-0.6396779834683954,5.8209244102785025,-0.6797507320481883
0.7939049482412069,0.17993865959881736,9.833920147497194,1.2264191035706535,-7.571341506429762,2.6557156909929254
0.6115066303323559,-0.2554473124698752,9.321978561172639,0.6739169122582324,-7.732927748492598,5.61388749700451
0.10229060377763802,-0.03210648437065835,10.354050014820285,0.7312474204594583,-0.9363873877165205,7.898130241621029
-0.6022377695616771,1.2909610792540938,10.072766704934315,0.6854565018720664,-11.203732043918702,-3.241140380689052
0.020847395913845174,0.0404161965660017,8.707144049213785,-1.9643355923214887,-8.91465168082599,2.657030159290385
0.552620838908498,0.8203467301054265,9.48962098757206,-2.3005329244150037,2.2653054753561777,-7.767911359398225
0.669734285456364,0.7420593239715974,9.492225732907416,1.1485095656405218,-1.462263726358103,3.019108074312144
-0.12314038976220211,0.6082034403668808,10.255046597910209,1.8264683251165392,5.532969374081874,3.655068120953337
-0.5954453079633741,-0.5201432704144523,9.750767878939326,0.09901473795024267,5.263414210645472,0.25434011190047073
0.525401141999442,0.6904808753703155,10.747789162310475,-0.11409199215355376,-5.926615475417663,2.0285034128092607
-0.37829179710249505,-2.5431740321275536,10.359683361778703,-0.2407672047913769,2.570220646885427,-6.256225053694251
0.424831221663425,1.9753246900433894,10.090473786526463,-1.0620174692765003,0.748652867825969,0.9667335273045516
-0.8128742084211099,-0.7653786716437115,10.024335778052441,-0.10542513228575599,-12.253832146433659,1.0182151131835142
0.27614272926424294,0.6618251755261878,9.900239506736058,1.7165936118487253,0.7822326111035656,-1.502206801415563
0.18573607903324937,-1.1680944050281397,10.12099330950797,2.624043225447266,0.4047311254990254,-0.6482479342301011
0.12569570456617862,1.1751433515217726,10.53659509009928,1.7867134705182621,-2.087248627267258,-0.6300250243691272
-0.10272791170868843,0.0842614284465769,10.35080400206057,-3.612432562906753,-10.32763707914173,-6.941799622171213
-0.7151068992557683,-0.3675024303117123,10.436205689181655,2.104707634625151,5.1327094127854505,-2.383800596460965
0.17834172158277087,-1.3724559315739404,10.828722446741558,1.486335383515196,5.411845669461153,-8.180826269776313
0.3726037841805772,-1.174569311959656,9.84951314138946,-1.5267894142495098,7.731630240550693,0.792503592107322
0.12884972664397135,1.5583670120717399,9.546664612239251,2.053858019485657,0.22799949100898861,2.4474912494523475
-0.5090013330453553,0.8684089372192338,9.922067958408599,1.10481764057404,1.823093648245554,-5.884331231073132
0.23166149143257642,0.6138129140564734,9.763498547841637,-0.36632935234215863,-9.283191836542644,-0.8685447475443447
-0.4061784518971421,1.6538476376849507,9.889308708643572,-1.8019927113718301,4.773084193935196,5.494386499010208
0.2710017828267041,0.8465415676682895,10.803966801585602,-0.6348848764382024,9.753528328719662,5.138270866793626
1.0810163700712663,2.4697583493585213,9.73603341177014,-2.320292439907488,6.271198644685222,-0.5974758885334834
0.5042631618784132,-1.1485370744711316,9.869715874281624,0.05119019907149655,1.6286809181443318,0.5253748895506747
-0.4783689178167782,-0.14979797147799329,9.429147957880087,0.5780505270776826,0.7132582540252107,-0.8378774036337113
0.008732349836518818,-0.031507049918781,9.587790395413634,-1.8369603025333099,2.7475114623291734,-7.5938089300391365
0.03042817379728984,-0.8917713780132254,9.73444588180419,5.274972555584586,2.6133913040951704,7.24629208429466
-0.1291418573957233,0.3397988612919308,9.961287624101422,0.6953731997768066,0.557677199425424,2.164060486171052
-0.7795745388853486,1.3562455598216672,9.518609072028037,-2.524737839522284,-5.497951839546829,-1.0802930581283405
0.4794729222697337,1.749697677226031,10.155491986999381,1.3317364476719384,0.5354474850937603,-6.417175896205521
-0.24276018709177724,1.2065101631596544,9.960923434532662,-3.1299055422798787,-2.6324987048812813,1.6546511944664732
0.13998390690980309,0.1440162220878567,9.614181980604691,2.1828395470924193,-0.2977481392710342,-2.006723011741281
0.5739761546442659,-1.6254882304125924,9.272386505698517,-0.629769788019136,8.725385263214436,6.747302748918228
0.1686505765332096,-0.08726660394060477,9.606386161775305,-0.9166169838016112,3.5184165809726498,-3.8551468755144773
-0.12222239774859554,-0.6932800963151454,9.995438494887077,-2.501449931708768,-0.9910638267288662,5.546211150848805
0.005822292229196257,-1.2911295032690457,10.565574750416829,-2.3292861613756357,-3.3611275887033916,-5.921908420308237
-0.5057232696420584,-0.347994095922892,10.26943966221014,0.18473419316706796,4.051550583260314,-7.368187717044218
0.10173742864815973,0.10090481059748581,10.527756024379427,-0.05653965952594551,0.28968471016883734,6.226434851277417
0.6129274221616787,-0.8962820853127994,9.753342063859444,-5.2532811670754835,5.544509636349927,3.766809438273413
-0.7373086070692714,-0.6163691869658641,9.092989299011776,0.6367412949514706,4.487220780832477,4.60764641986016
-0.013554773258568551,0.5905235115176446,10.155956680883502,0.9260939443940938,-3.7708132593351524,-1.2173185054588322
0.3060766309273851,-1.3500885132835427,9.764830729362592,0.1392666099663879,3.605532444208478,15.527744573956749
-1.1635049914980895,-0.42008378436071425,9.434392705148904,1.860453176105413,-1.3097385915551008,5.2960762378400545
-0.5393527128039002,-1.174113729141577,10.154844840560047,-0.8594286285674858,0.4369754434824811,-6.643766905768363
1.0866644570433024,-0.9691037480802205,9.692016827517833,1.4014457309353143,-5.671615268504009,2.631251930049609
-0.80616015493209,0.5986289787933322,9.046940649673704,1.468889155817857,-5.23221747934506,1.1442449049339283
0.7244857595208678,0.6098458839948939,9.644204245327229,-0.5041580072658972,-2.2777294640184973,-12.141113542503684
-0.6280046929220932,-0.12590147301767485,9.947854198935026,4.507365192788317,1.4554365738129806,-1.0097400856531826
-0.31606070477295745,-0.25852799177785357,10.232096241284033,0.13351447627491372,3.8556645969721197,-7.75343134734028
0.6282484102396669,0.6324955884410612,10.059932651002276,-1.3297839744642195,2.6936020691792564,-5.281918696274684
0.32273851153135363,1.7803060568318054,10.374288021368177,-1.0376486881615106,2.4847347734141345,-4.16350293874621
-0.5489221575735582,0.08983510215684937,9.663927677529111,1.8091173913685807,1.9687405006632916,-8.783918062754386
0.08578925243820629,0.3435142658344877,9.714358065440154,0.12483701631101378,5.3617386756210585,-0.22575371348927242
0.1824317608967127,-0.8330255534156542,10.364687294086847,0.1462868078684148,-4.173632504468049,6.402097466767019
-0.4913367052504336,1.3170100853899438,9.587326922861978,0.4686618335385553,4.140581884116178,0.0013570699092695549
-0.7044256894007151,-0.6867796239464875,10.771879655431816,-1.0201579982143172,-0.08241190244464737,6.235646188306595
-0.6264765973589957,-0.43409602387451435,10.84721095775549,-2.442756221150085,5.317573511172375,1.91274538281785
0.28647335566789905,0.37305919141658744,9.497915861545085,2.2346965039733497,3.7982864545863886,-2.8071346216547424
-0.34490619566980607,0.7310538643759136,9.90547983903511,0.873077924152799,-0.8217455653801121,-2.5609804650242958
0.3193280729530933,1.1344187639291248,10.261478105783107,2.347340059548542,9.591309391329972,3.317020400093363
0.40788152559483803,1.2829890519460674,9.316733262239971,-4.173611723512387,3.877298366673573,6.543724500620539
0.08103702933728132,-0.8215239695365496,10.345396009047166,4.030989484845937,-4.903785873202381,-2.1427857171696854
-1.1069652130410885,0.7409777921455523,10.854029608991217,-2.926374783526471,-2.872241875798243,4.228994000221798
-0.5551270958624667,0.8183923937442313,9.708031235710946,-0.36130899962093116,5.466143656265218,1.1162940693193515
0.5390040298699327,-0.5980715355450728,10.066169280079647,-2.9992851684572868,-0.4359282211285288,4.360268119101149
0.8726286589906236,0.1473590369250416,8.627720565331229,1.5926770182591943,-0.8968446213185383,-6.477946325764538
0.5828744916805799,-0.5305352720838531,9.870578010319177,-0.9402583899376781,-0.7754825645360869,4.948893881887075
0.6248891790869934,-1.9909347573565592,9.700888747802123,-2.6576159269126016,-6.671653939379051,4.488649398687718
0.7220273245949399,-0.34314249784802625,9.716947168142067,0.8874783837070601,0.17474921892175838,-1.7533675329296194
0.047031512530144134,-1.1441145079059014,8.792730309846238,-1.9354354937235976,3.228258502776113,9.534871568108725
-0.1429476906408454,0.6176285453599196,9.192425660197618,0.5129957687722425,-0.22830712833283154,6.89340904983379
0.09319661478133434,-0.08257277855025877,10.027660253057425,3.8198758937794257,3.2475297778338104,-3.460375152722034
0.3016155916401071,1.2480727151594941,9.840221301367732,-4.4589401861245195,4.085907046120689,5.97870837609803
0.1311915182491831,-1.6502959446206351,9.890612495240045,-2.6538595658368096,0.7516035112699427,11.04642354548747
-0.08367240019897453,0.14087657362918063,10.895784135098454,-4.331091489841228,4.12137795944327,-3.6341700252483418
-0.6116620123501633,-1.3724429150616773,8.927141234224248,3.094789956401633,-12.895354332448186,-9.983399628551302
0.2536771671884073,-1.0740381640160834,10.274422649609782,-0.5342043837300438,-0.6686402780390227,-1.0066039219516465
0.5712418236184249,-0.4989275197924342,9.91256368460694,2.032557981728074,1.1869800771952745,2.138512223770943
-0.18225182231585746,-0.30691829376381496,9.501172369026092,2.7424327286796144,-6.661617724742356,3.4206962544661685
-0.28329065011121085,0.8694215764702654,9.540278853884775,0.24020544424382848,0.9157608067300115,-2.1754439985544574
-1.2045946904234628,-0.8888429085748976,9.175022888049256,-1.0080792760957826,0.8113877620439459,5.613206561010506
0.0908570648326229,-0.6834546208868437,9.195982832264933,1.7877198164795607,1.4571053714459032,-6.3268889484841315
0.11743785936646789,-0.7767099675837946,9.516839775699324,3.1706642582510045,-4.061198154569896,-7.6607318653683585
-0.09487068700515375,-1.419957459042884,10.501101293123368,0.34160441653935325,0.056665206835331466,3.5838546333056005
-0.36751883749602643,0.3942531951445065,9.898768254911722,-0.9956395344064313,3.2722894036538057,7.35274797758247
0.0751881464507188,-0.8417063459834345,10.074017563362467,0.4268006350703292,4.970155633062234,-0.3949933706519996
0.5425729232368022,0.9398048499289159,10.633896131880586,-1.9165614085207738,5.299303527202347,-5.02308540783544
0.30327792087568467,0.5690165396461867,9.957830116677087,1.117189046959322,-9.948483747775423,5.776374752258984
-0.15833533036256628,-0.3219125432955277,9.18332217561253,-1.3226110151344894,-6.400628379183809,0.8653672164312307
-0.41237117250077526,0.7415616342017757,9.518793721950912,1.4754258006720755,5.834647735507616,-3.072704213312546
-1.0247652413347457,1.6461743981013175,10.404637359066433,3.5121835626305127,-1.7285906108385554,4.0841538825530685
0.9958995757545526,-0.8388584094122865,9.889483863796531,-1.8179373658371996,-2.327768942961285,-6.686160441102356
-0.19349096371124547,0.1090544172842154,9.281614047275244,2.313886410220124,0.24954462284689571,-13.902949510854864
0.23510524182108639,1.0464807555895508,10.100869361850805,3.71964451664744,3.2470513249007733,-4.374919027892227
0.5845497604312935,0.14674088853443765,10.102729508986304,0.5699620616969946,5.379040198505023,6.49586569621148
-0.24941738273193476,-0.036264953814611665,9.693393524723938,-2.8958276104081246,-4.034524119855054,0.9932037350803934
-0.42446885151573394,0.6651274464675562,9.647510126611467,0.6633499964966583,4.009334901179963,-13.563469898285327
-0.092520520806394,0.8220526878369768,11.337998614863427,-2.7529786497869506,0.21811913817636197,-3.3217893272867727
0.5080573061454863,0.9521759040783417,8.917294724535653,-0.2520920216059791,-2.186605463673317,1.8218374864994886
-0.8105406864795891,-0.7820367863945712,9.584745517451866,1.7919480861663095,-8.385510880153884,4.485320647696679
-0.040306627348610916,-1.0546724076019458,9.582063460900633,2.8148187550705783,3.378306241577229,1.3757077595570222
-0.5699497902430163,-0.49484762035057217,9.612283964706439,1.4098397772665652,-3.6459405688554507,-2.3116137832934083
-0.686443345528866,0.7046589984070061,10.518470842551926,-3.903076790635757,-4.294558606310542,-1.4889520562670235
-0.721751267148141,0.11839682133209832,8.979852528414355,2.7679174519354692,2.0478787963174403,8.050862203380326
-0.55771950262442,0.2327448945187379,9.030211593850044,-0.1850575167193594,-6.901830569315725,3.140234698027848
-0.2304759015148546,0.3812047120251933,8.920217903160436,-0.6979163945735875,-7.926413840305341,7.051780559580517
0.6565601083763936,0.2502722801611339,10.000624454036153,1.533048359772295,1.41562368513946,1.1338005178655484
-0.37023166015064696,1.009563906532953,9.5175337097535,2.406500285712465,4.03608730621651,-1.2178933427096603
-0.14295677749650076,1.1836531098441738,9.977671289789503,1.1446393788911695,-12.646548649964693,-2.574188675150361
-0.031608108256690026,-0.6622680648893661,10.055482160330428,-1.7943411959947033,-8.10164829892736,-3.204235472907935
-0.03940698488071506,0.3517561793904147,9.37410669735774,2.5119376254667123,-5.582357699554006,5.040901785098468
0.21479654152181316,0.7004794462618543,8.855106422855739,2.7156743179140976,-0.9656524706842002,-0.6917284453313953
-0.3412189224772391,1.9284146614440798,9.214680174097072,0.5688606171418635,-8.655962543225517,-2.683927938317826
-0.41492262475898656,-0.48056862753519264,10.020999395516203,1.4177137578221024,-4.400448149368826,2.5892688720232275
0.041789145594750575,-0.2839323406578125,9.902402560340658,2.445572923406311,-7.531680319257421,-10.561874674866754
-0.10761283792695552,-0.7697940533575963,9.769682124742975,-0.5410776756834383,1.1612022940578275,-1.632392522833063
-0.8420742701288683,1.4051040790645621,10.07164978575944,-0.7678194198008259,5.7338369004308625,-8.372356628898933
-0.13774508683844638,-1.184871560194703,10.273097537043565,-3.7575233630403932,-13.524325960890724,-3.448396493648946
0.04573769071705727,-0.7434843725938403,10.884469262552626,-0.7128126720938506,5.509340089586766,-3.5877430317723054
-0.6432902487404073,-0.026911886524443523,9.948147986981667,2.847340071075269,-4.717117903994175,-7.79972111520851
0.19046134804068537,-0.13577962708832025,10.029468544148152,-0.7153021151343469,-5.489530402142418,2.1414300235269694
-0.9671916468340874,0.25604185049054196,9.738458164984504,-1.1281125978163684,3.863318774084153,-0.7555876722118764
0.3320886112125773,0.2408450086875355,10.448282547851782,-0.1816691711361008,4.115493987626547,0.18268466662704566
-0.19246428851938707,-0.030564943404458155,9.066690132955328,0.7385991624648967,5.369614442166737,-6.534232375278667
-0.8076865949528355,0.26776268333452763,9.804736385311282,-1.469936923668688,0.22955344901879535,-9.042950109290059
0.8214107235087976,1.213013382294615,9.437254001963105,-2.326665335914371,4.1182565262333695,5.539291184818932
-0.9931663895120257,0.3496358347862282,10.3251653811793,2.1377395929940657,-4.696827776450342,-9.377332165698105
-0.46218513163217856,0.0901593213540366,10.566565962636377,1.7678066735255131,-4.179543961880056,1.3499280613092315
0.06224655150089594,0.6887179160875272,10.06510320624504,-1.6768504099640855,-0.017760550196644416,7.826181371524875
0.8140451235503623,-0.7998638864251703,10.060347951125834,-2.129803192832321,5.0808736531796805,4.1611731674010874
0.1802468799755318,0.5131469317802498,10.521720849056663,-0.3713327741110578,0.19701847628809163,2.935324822869625
-0.3609131786304015,-1.2352540434158434,9.736741080323824,-3.4678483242127123,-3.1301416506372393,-0.6109836956876492
0.40411027809517336,0.6863360959885094,10.545955050848459,2.761458715148449,2.7927825245217734,-5.395209402716803
0.1897699169710684,2.0974833749924966,9.108071722392916,4.884811270920213,-8.498727821551032,4.059187525302818
-0.22566839351257625,-0.07268329485334525,10.184221787426978,0.9741371089718384,3.1279577032921635,6.501726544860148
-0.42576512360867347,-1.3474529854901562,9.997441897087542,-4.187894326136106,2.4045522298570146,-3.8265077897777546
-0.16384478427368665,-0.05281573371082124,9.941597962890823,-1.1483676175280657,-3.825980434191491,2.058209793602455
0.3191453968126072,-0.33120987845140043,9.899368622123056,-2.0432376845667206,-2.5484248202302067,-11.339332863571382
-0.2136690028985324,-0.6230220387200414,10.0216916548902,-0.3125045735520883,0.04235952819821031,-2.63132884585794
-0.00756458627018699,1.4913938822265758,9.758996999209943,0.34265739430326625,0.9021146187130474,-1.4237785778250394
-0.09365354923083402,1.5317030674040035,9.821075371468146,-0.6112291034637939,6.026933163664588,-1.9083881068884987
-1.180232078242845,-0.9031753630553503,10.318153231298542,-2.549058323474305,-5.744706268419497,0.5715267897759231
-0.5093234565118404,0.02002492915291997,9.869778113071405,-1.4041528453349605,-1.7351274626508624,3.0771484347779534
-0.2198851114889638,-0.49294465957251665,9.894898625644755,-2.129686263854953,-0.30580776916958713,0.5447766590090385
0.31994050482490244,-0.364509216580043,9.864959879029525,-1.517948375794878,-9.936508429078007,-5.80692776699102
0.3440818351623179,0.8144718757845286,9.465011741785844,0.22311183039975488,0.6403522459550113,-2.195681664453559
-0.34081572233554114,-1.5425980359041884,9.430058422376433,0.22744771234930158,-0.7502475989696845,0.5559254146441182
0.0029351364988390496,-0.6619084736579706,9.329416065940624,2.1384037236510496,8.681549620439746,-1.7796462605458516
0.24468343846184648,-0.2947893305401022,9.550557223820643,-1.342753465871654,4.0676099033235165,0.3218845655970177
-0.5036563803386227,-0.07490225726709505,10.24387927214236,-2.689814351790783,0.861557295032956,-2.800642400924312
0.1287610334088528,-1.32901223536353,9.030197920376942,-0.5647426902972258,-3.4146426926324573,-4.6371926249700826
0.4696746379279498,-2.1235015605202796,9.534097095718133,-3.3004996352157243,-11.201811406631508,3.236754229727598
-0.2657656259100142,0.9669176872604878,9.687055441206338,-3.598316424448277,8.24216776799679,4.0872754415823795
-0.3026050074782861,0.08469309678770548,9.973713093562056,1.202434714508356,-1.8338955235884513,4.224342876485776
0.04556857038557282,0.9857448556128037,10.084098660298855,-0.1616705737013233,-2.580925070233952,5.524682790043127
-0.18032542202512378,2.339745079510593,10.08453194010655,6.081732795868975,-0.009585867105133086,7.636748471881193
0.6445008766052945,1.169490327408766,9.932126657474175,-1.2092095782383316,-3.0788900405876203,-4.6319848526035186
-1.073910634564965,0.3414429349911921,9.4645270718459,-1.4588675597406862,10.346164619267096,1.1537650934799633
-0.35247472129539725,1.066747624779865,10.08513841515248,0.2270100870580263,2.578146489018115,7.014102156947501
0.26067118469254463,-1.2353364299029805,9.1727838635093,0.27018585792389327,-0.21854823495776038,-7.3596033935485945
0.26486362326075547,0.5371723187250589,9.941695541818952,0.9450141765525011,-3.6846990814970537,-4.492033369695577
0.17091887018023139,1.6217737937046155,9.844812497197331,-0.7201162814714185,-1.2397621150154003,-0.06838233253743055
0.20143816953052837,-0.21651116929798261,9.209169447628382,-2.005056724327118,-4.935438083223826,-0.05501228190485147
0.4243692827204639,-1.9165598067595968,9.491500921898556,1.3620606804706414,2.6716469065789554,2.191670601575317
-0.23575642486765636,-0.5695087601456459,10.11343563455303,-1.3001271730160993,-2.720259483860199,-0.12156883765187293
0.4861174329744995,1.0581653610263493,9.394410113015672,-4.275532787205372,-0.19174783559000574,-2.242330870273792
0.25454420651405735,0.20500406653936443,9.896481436206345,-0.8117533354299268,15.645660458684675,-4.171958101429416
0.24774247051601012,-0.15070406023409655,10.153182707074322,-0.19342107398531316,2.3566545335176374,1.4321828584293517
-0.16837267610564874,0.33663124361377283,10.027570365014814,-1.8287148893298222,-4.82802654215628,-7.128739184000468
0.46036145844951254,-1.3841546777813745,9.925598694917468,-2.08435931822257,-6.632274954605618,2.2317081409905892
-0.01714782360364873,-1.8206063823991447,10.600449495620575,-0.8124822748779817,-6.819255477148216,-2.6969551596667984
-0.19414717128218345,0.2896855889698637,9.649199323313729,-2.7082645850641076,-4.642288301919499,3.338351870521895
-0.3986721348156096,-0.12595814371779418,9.769515353261125,-3.6224779474240285,-1.904961637759166,-9.669591631101984
-0.7048342359985615,-1.101117526398589,10.781359236391939,2.490118938011364,3.0532080517863975,-6.398496855514697
0.7721352292353396,-1.0027245633976338,10.231258903443356,1.0172061847347798,4.748373557279522,-5.1642519450961455
0.2923549220844908,0.2009151334050453,10.936602434457821,0.7187397428330883,-11.711987966181692,-3.830352187536908
0.22443787156834055,1.139957523802304,10.240764437185156,1.7664581680396354,4.216190357539543,-2.9660332595813124
0.7474838008554777,-0.8923404571344956,10.331112408964177,2.530352590673375,3.244949666985014,1.6078924652383766
0.1709815151452011,3.8769645821378282,10.631408484110132,-2.7166934760683183,4.95755729897263,-2.9580005717307163
-0.28230631467932144,1.755969515219331,9.165708484246753,-0.9231836434431289,1.8319946637959006,4.5380109459541496
-0.023495485471187506,0.1962614199214962,10.237295933804075,0.1788363320405265,-1.4548906945806794,7.808646011650472
0.05959423618078954,1.2753313900225431,9.935586373234196,-3.7774120483473674,-11.990204361714676,4.5924784136262
0.9548292787757791,-1.8644937201610698,9.662786158169782,0.3526234987194035,-3.04364084973522,2.9388978103772962
0.11610824360955461,-0.1931019113664093,9.98977325411683,-1.1991033557012978,-0.6413702987311753,2.3371016593973333
-0.2618852181321629,0.25412498317806886,10.425064386750197,3.248528306084864,0.054932811664563,-8.971596781301782
-0.044082076476344656,-0.07481207893818319,10.109249450293184,-1.134176539015175,4.581202382692393,1.2909099017087078
0.2186772191197122,0.018111208486957832,9.636751678186704,-1.3902212745620575,4.307183095583971,-7.958044755600123
-0.04811947644764011,0.2302529514001932,10.300474226528845,-0.7648124343181967,8.725689801727388,-8.054074848267515
0.41586330658980775,2.0407195258877664,8.704871140790244,2.9484399262510683,-1.1580233452635895,-0.5807480158302835
0.2427570089849573,0.7373482112320966,10.225012064845524,0.059333006717251904,1.6502026173715076,7.740835788362204
-0.01829892152040036,0.5879389939151409,10.193645518426264,-1.1885689511467374,-0.0873708277300928,-1.4351974490581656
-0.2832937562939984,-0.23499014162387394,10.067936267249516,-0.9313789051234725,2.9241557068695467,-5.398269087248698
-0.5000659133723263,0.7231401873871804,10.077033502952927,-1.0736110886248444,3.3096219591773437,-6.581862592239826
-0.0578874622313087,0.8810543221223965,9.599868803619186,-1.8860472048204455,2.587092858052546,-0.08014685459772325
0.3127014228566058,-0.188852703228588,10.25042676799409,2.748049247007762,-2.3587912647057196,-5.873918143310984
-0.4318776186472297,-0.477419291310851,9.26935400014886,-0.7061188285991429,-4.475421742634679,-7.759063914084057
0.06054899896361737,-0.5760744701693066,10.511185757842119,2.4470562936714635,7.143009771008612,9.625374349273748
0.05738644600805561,-0.3705415250454436,9.372501703055244,2.5227441184998756,-0.1598183504130464,-0.725218747365643
0.01831133459673686,-2.0186646474016126,10.575765138618085,-2.305161400890221,-0.6434004910432723,-5.17146924416134
0.22268203137964743,-1.7095975124184608,9.555997034468815,-3.5113003489417745,-2.818387244384647,7.8228612591154745
-0.2887745820931979,-1.0849809307937996,10.306450004919533,0.271637672824705,-5.77221920096131,-0.1180019668520854
0.8798311928480324,-1.2037460304982428,10.143723374666253,0.9164998275971225,0.03832602164284132,-1.304028782770807
-0.38306497237836445,0.06325220100664765,8.816515186545958,-1.0534912291610412,6.168272250465032,-0.7065456153091744
0.025046640225643287,0.2844488386960797,8.980944940831861,3.628912292227566,-6.665698996373183,3.381575008136805
-0.28952863946650476,-2.354980827653645,9.22051967835146,-1.4421240053270352,15.796883748050979,-10.885167729761282
-0.485307432236764,-0.9636552522687631,9.389539294310621,-0.8538223514576001,1.9398596958944525,-4.401683915997298
-0.6799691366512196,-0.9008100958154363,9.123725271210205,-1.2994647852520407,4.179730638861287,-6.36226922439303
-0.00099868843819463,-0.49511683925072403,9.328977863069081,0.06978986834352516,-3.916596020769856,6.167788883095705
-0.1911355686884095,-0.39182366883298114,9.948970629907365,-2.117598584485108,2.4979454638265315,3.946318005232321
0.00871951113898374,0.9936064084004489,9.758932386964743,1.5797558654604942,4.4752577768959325,-0.011207943804151254
0.062227056914971636,0.08979462091807937,9.482214114560009,0.9948823850378403,0.3739416290406188,2.9399858493537896
-0.5965366943128212,0.3230817836061659,9.738975589738356,2.301929818549104,2.1626413470917836,-7.536743812023955
-0.25421589431506825,0.8538735772556316,9.796392297257174,-2.88573043664124,-9.106000541489381,3.6276767690502516
-0.13525451759230545,-0.6613465960486788,10.173741251847861,-3.2130407144582755,-6.071595890071704,7.672020140303132
0.4770559127920915,0.8816460542744596,10.917956259648896,3.893161036220485,-2.81862623224145,3.508840400902566
-0.21164194547941018,-1.772921548942918,9.887852141025961,-5.6582638861786805,11.963805228901434,0.23885134822530635
-0.09035408447870596,0.14229939563616442,10.03977534179831,-3.920559564007853,8.080833824956263,0.749048483466936
1.2133696127443,0.43106462636715,9.953589469761974,1.0824716565065742,2.386174542692544,-2.367038687415236
0.22800558900431203,-0.8807013495862119,9.929552004114429,-0.7622420404672349,1.2878693525230562,-2.3922835030296694
0.24958640110054897,-0.34501545612002493,10.328086182495372,-1.1157464338206273,-4.557986903697956,-6.938277699288863
0.19702611491577846,-0.6632802303151645,9.968324086599148,-3.170666758804636,-4.186914490666007,-3.116448361553476
-0.01903893990158377,1.1099582750970587,9.894624600260066,-0.6189717075289671,7.14873291212381,7.024421377015343
0.117061761981853,2.2016297995068466,9.180204715007395,-0.6717938425821559,-2.596755715323105,-6.656900447450327
0.10291488922059581,-1.1288483178055133,9.957771379551092,-2.7141451170761934,1.8508980156738573,-4.818539137208181
0.006731274118415899,0.9901240913277757,9.148809412952215,-2.3083805120631338,1.3885671090984395,8.558657287050131
0.5002433484118164,0.3161322395977487,9.301761894225887,-3.177898590438146,-0.4340500340035783,0.1986161436585504
0.5691804072836169,-0.16561947090291942,9.064673569810548,-0.30201002620848905,-6.344453514485753,-3.238258254282388
-0.3702570623304455,0.6484733477126813,9.61520649250354,-0.7554900030411066,3.959650189514525,0.548370102897748
-0.5038246283402148,-0.42083094933339543,8.95532475960205,0.6506973760121169,-3.9440982414896797,7.906837375682968
0.24652674688607842,0.8510062733664829,10.225186906981655,-0.9374070329339709,3.201918154966598,1.4605406737063145
-0.21486827030552028,-0.4997217069030529,9.50199949149612,2.9839142095893862,4.493206632521992,3.283715690454968
0.27993347167154903,-0.4234210982274388,10.153434467753527,-1.5277655261993546,0.4375700211172897,2.6451356023112886
0.4824224410982638,0.13289626015087483,9.998508622510226,-2.187362305697485,-5.03187666689888,-4.513727685952862
0.33435653824304834,0.6252036158776084,9.85178872541126,1.9991411673068717,-2.9689344394017176,-6.105239083521026
